repo,level,label,confidence,artifacts,tools,l2_primary,l3_primary,l4_primary
1.58BitNet,1,Ad Hoc,1.0,2,,0,2,0
8-_-_-D,1,Ad Hoc,1.0,1,,1,0,0
AFL-automation,2,Grounded Prompting,0.76,7,shared,7,0,0
AGI-Alpha-Agent-v0,4,Agentic Orchestration,0.742,160,"github-copilot, shared",74,30,56
AMICI,4,Agentic Orchestration,0.732,30,github-copilot,25,4,1
ART,4,Agentic Orchestration,0.638,12,claude-code,4,6,2
ATAK-Maps,1,Ad Hoc,1.0,3,,2,1,0
AirQuality-NARX-CNN-LSTM,1,Ad Hoc,1.0,1,,1,0,0
AlgoTrading,4,Agentic Orchestration,0.704,12181,shared,4217,6253,1711
Amplitude-Kotlin,3,Agent-Augmented,0.835,11,github-copilot,8,3,0
Analog,4,Agentic Orchestration,0.44,3,github-copilot,1,1,1
Android-Studio-Tutorials-Java-Edition,4,Agentic Orchestration,0.677,18,shared,13,4,1
AndroidTVMovieParadise,1,Ad Hoc,1.0,1,,1,0,0
ApplicationInsights-JS,4,Agentic Orchestration,0.792,74,github-copilot,55,16,3
ApplicationInsights-Java,4,Agentic Orchestration,0.625,10,github-copilot,9,0,1
AutoGPT,4,Agentic Orchestration,0.727,131,"github-copilot, shared",64,47,20
AzooKeyKanaKanjiConverter,3,Agent-Augmented,0.807,20,github-copilot,18,2,0
AzureTRE,4,Agentic Orchestration,0.842,115,github-copilot,103,9,3
BentoML,4,Agentic Orchestration,0.726,12,github-copilot,6,5,1
BerePi,1,Ad Hoc,1.0,372,,319,40,13
BookmarksManager,1,Ad Hoc,1.0,1,,1,0,0
ByteSync,3,Agent-Augmented,0.66,7,shared,6,1,0
Cap,4,Agentic Orchestration,0.727,19,"claude-code, github-copilot, shared",12,5,2
Chronicle,4,Agentic Orchestration,0.706,119,github-copilot,56,27,36
Chronicle-Bytes,2,Grounded Prompting,0.44,1,shared,1,0,0
Chronicle-Core,2,Grounded Prompting,0.44,1,shared,1,0,0
Chronicle-Logger,2,Grounded Prompting,0.44,1,shared,1,0,0
Chronicle-Test-Framework,2,Grounded Prompting,0.44,1,shared,1,0,0
Chronicle-Threads,2,Grounded Prompting,0.44,1,shared,1,0,0
Chronicle-Values,2,Grounded Prompting,0.44,1,shared,1,0,0
Chronicle-Wire,3,Agent-Augmented,0.44,2,shared,1,1,0
CircuitPro,1,Ad Hoc,1.0,3,,1,2,0
CommercialBreaker,4,Agentic Orchestration,0.761,22,github-copilot,12,9,1
CustomNPC-Plus,2,Grounded Prompting,0.685,6,github-copilot,6,0,0
DYYY,1,Ad Hoc,1.0,1,,1,0,0
Dataset-Curation-Tool,1,Ad Hoc,1.0,2,,2,0,0
DeepSea-Dashboard,4,Agentic Orchestration,0.742,13,shared,10,2,1
DigiScript,1,Ad Hoc,1.0,17,,10,6,1
DispatchMail,1,Ad Hoc,1.0,1,,1,0,0
Dock,3,Agent-Augmented,0.833,67,shared,45,22,0
DotnetPackaging,4,Agentic Orchestration,0.555,4,"github-copilot, shared",3,0,1
ESPresense-companion,2,Grounded Prompting,0.627,6,"claude-code, shared",6,0,0
Effekseer,1,Ad Hoc,1.0,27,,20,7,0
EnergyMatching,1,Ad Hoc,1.0,1,,0,1,0
FRUITY-NILA,1,Ad Hoc,1.0,2,,1,0,1
Foundation-Models-Playgrounds,1,Ad Hoc,1.0,1,,0,0,1
FreeRide,3,Agent-Augmented,0.527,4,claude-code,3,1,0
Generative-AI-for-beginners-dotnet,4,Agentic Orchestration,0.733,236,"github-copilot, shared",160,38,38
GitHub,1,Ad Hoc,1.0,4,,2,2,0
HARK,4,Agentic Orchestration,0.672,19,github-copilot,6,8,5
Harmonic-HN,2,Grounded Prompting,0.615,2,shared,2,0,0
HtmlTinkerX,3,Agent-Augmented,0.38,1,github-copilot,0,1,0
IfcLCA,1,Ad Hoc,1.0,1,,1,0,0
InvokeAI,4,Agentic Orchestration,0.738,72,github-copilot,34,32,6
Ity,1,Ad Hoc,1.0,1,,1,0,0
JLBH,2,Grounded Prompting,0.44,1,shared,1,0,0
JSON.bundle,1,Ad Hoc,1.0,1,,1,0,0
Java-Runtime-Compiler,2,Grounded Prompting,0.44,1,shared,1,0,0
KToolBox,3,Agent-Augmented,0.728,27,github-copilot,19,8,0
KeepYard,4,Agentic Orchestration,0.497,3,github-copilot,2,0,1
Kiln,3,Agent-Augmented,0.752,24,"cursor, github-copilot, shared",13,11,0
KuzuMem-MCP,4,Agentic Orchestration,0.715,13,cursor,4,8,1
LangBot,3,Agent-Augmented,0.748,25,"claude-code, github-copilot, shared",15,10,0
LarAgent,1,Ad Hoc,1.0,5,,2,3,0
Laragon-Dashboard,3,Agent-Augmented,0.61,7,github-copilot,5,2,0
LcdMenu,3,Agent-Augmented,0.44,4,github-copilot,2,2,0
LightResults,4,Agentic Orchestration,0.51,8,shared,5,1,2
Lilia,1,Ad Hoc,1.0,253,,156,95,2
LogicAppsUX,4,Agentic Orchestration,0.79,70,"claude-code, github-copilot",52,12,6
Low-Brightness-for-Android,1,Ad Hoc,1.0,2,,2,0,0
MIToS.jl,4,Agentic Orchestration,0.7,21,shared,15,4,2
MMM-Chores,1,Ad Hoc,1.0,5,,1,0,4
MacroModelling.jl,4,Agentic Orchestration,0.696,23,"github-copilot, shared",12,6,5
Microsoft365DSC,4,Agentic Orchestration,0.726,1112,"github-copilot, shared",797,277,38
MoonDAO,1,Ad Hoc,1.0,12,,7,0,5
MqDockerUp,1,Ad Hoc,1.0,1,,1,0,0
NepTrainKit,1,Ad Hoc,1.0,13,,7,6,0
OpenAI-GPT-4o-Mini-TTS-Home-Assistant-Integration,1,Ad Hoc,1.0,2,,2,0,0
OpenSCAD-MCP-Server,1,Ad Hoc,1.0,14,,10,3,1
P.910,1,Ad Hoc,1.0,13,,2,11,0
PMSS,4,Agentic Orchestration,0.767,42,"github-copilot, shared",32,8,2
POS-Awesome-V15,2,Grounded Prompting,0.65,5,claude-code,5,0,0
PRarena,4,Agentic Orchestration,0.45,5,"github-copilot, shared",3,0,2
ParsedownExtended,3,Agent-Augmented,0.634,13,github-copilot,9,4,0
PixelPruner,1,Ad Hoc,1.0,1,,0,1,0
Prebid.js,4,Agentic Orchestration,0.744,664,"claude-code, github-copilot, shared",230,431,3
Prismify,1,Ad Hoc,1.0,2,,2,0,0
Protelis,2,Grounded Prompting,0.527,4,shared,4,0,0
PwshSpectreConsole,3,Agent-Augmented,0.641,8,github-copilot,6,2,0
PyAirbyte,3,Agent-Augmented,0.58,5,github-copilot,4,1,0
QuantX,1,Ad Hoc,1.0,3,,1,2,0
RapidRails,3,Agent-Augmented,0.44,4,github-copilot,1,3,0
Recoup-Chat,4,Agentic Orchestration,0.56,7,cursor,5,1,1
RemoteBlazorWebView,4,Agentic Orchestration,0.695,10,github-copilot,9,0,1
ResoniteMetricsCounter,1,Ad Hoc,1.0,1,,0,0,1
Reticulum-Telemetry-Hub,1,Ad Hoc,1.0,5,,0,5,0
SPHExample,2,Grounded Prompting,0.44,2,shared,2,0,0
ScrumAgent,1,Ad Hoc,1.0,1,,0,1,0
Shopping-Cart-Calculator-for-Android,1,Ad Hoc,1.0,2,,1,1,0
Smart-Cleaner-for-Android,4,Agentic Orchestration,0.789,53,shared,36,7,10
SpotifyScraper,4,Agentic Orchestration,0.773,57,github-copilot,43,9,5
StikDebug,1,Ad Hoc,1.0,2,,2,0,0
Stock.Indicators,4,Agentic Orchestration,0.764,197,github-copilot,127,52,18
StockSharp,1,Ad Hoc,1.0,57,,34,18,5
Svg.Skia,3,Agent-Augmented,0.557,3,shared,2,1,0
TSDataStructure,2,Grounded Prompting,0.557,3,shared,3,0,0
TabPFN,3,Agent-Augmented,0.615,4,github-copilot,3,1,0
Techinterview-space__frontend,1,Ad Hoc,1.0,1,,1,0,0
TheMessage,3,Agent-Augmented,0.58,5,github-copilot,4,1,0
Trade-Suite-v2,4,Agentic Orchestration,0.742,57,shared,32,11,14
UV-KX,3,Agent-Augmented,0.716,18,github-copilot,14,4,0
UserDO,4,Agentic Orchestration,0.685,8,shared,6,1,1
VRM-Addon-for-Blender,3,Agent-Augmented,0.704,26,github-copilot,6,20,0
Valour,3,Agent-Augmented,0.638,12,github-copilot,8,4,0
Void,4,Agentic Orchestration,0.689,45,"github-copilot, shared",21,23,1
Vybn,4,Agentic Orchestration,0.758,139,shared,27,16,96
Webscout,4,Agentic Orchestration,0.771,29,github-copilot,15,13,1
WinUI-Gallery,3,Agent-Augmented,0.627,6,github-copilot,5,1,0
WorkflowAI,4,Agentic Orchestration,0.746,91,"cursor, shared",46,20,25
WxJava,3,Agent-Augmented,0.907,45,github-copilot,35,10,0
Xaml.Behaviors,1,Ad Hoc,1.0,523,,217,290,16
YTbeatmakercues,1,Ad Hoc,1.0,1,,0,1,0
accessibility-checker,3,Agent-Augmented,0.655,14,github-copilot,10,4,0
aci,3,Agent-Augmented,0.615,10,"claude-code, github-copilot",6,4,0
adx-mon,4,Agentic Orchestration,0.733,42,github-copilot,26,10,6
aeamcp,4,Agentic Orchestration,0.717,130,github-copilot,44,46,40
aflat,4,Agentic Orchestration,0.773,37,shared,24,10,3
agent,3,Agent-Augmented,0.685,10,"claude-code, shared",7,3,0
agentmark,3,Agent-Augmented,0.568,6,github-copilot,4,2,0
ai-shifu,3,Agent-Augmented,0.683,17,"claude-code, cursor, gemini-cli, github-copilot",12,5,0
airbyte,4,Agentic Orchestration,0.772,2560,github-copilot,1985,370,205
airbyte-python-cdk,4,Agentic Orchestration,0.667,16,github-copilot,11,3,2
airframe,4,Agentic Orchestration,0.794,68,"claude-code, github-copilot",55,10,3
aituber-kit,3,Agent-Augmented,0.741,23,claude-code,12,11,0
alien,3,Agent-Augmented,0.615,4,github-copilot,3,1,0
ami2py,4,Agentic Orchestration,0.44,3,github-copilot,1,1,1
analytics,2,Grounded Prompting,0.673,3,shared,3,0,0
android,4,Agentic Orchestration,0.703,236,github-copilot,223,8,5
android-libraries,3,Agent-Augmented,0.765,17,github-copilot,14,3,0
antiwork,1,Ad Hoc,1.0,1,,1,0,0
appearancemenumod,3,Agent-Augmented,0.44,2,shared,1,1,0
appkit,4,Agentic Orchestration,0.842,51,"cursor, github-copilot",41,9,1
arcade-services,4,Agentic Orchestration,0.65,15,github-copilot,9,5,1
ark_framework,1,Ad Hoc,1.0,1,,1,0,0
aspire,4,Agentic Orchestration,0.803,178,github-copilot,125,52,1
aspnetcore,4,Agentic Orchestration,0.808,232,github-copilot,185,42,5
assistant-ui,1,Ad Hoc,1.0,14,,13,1,0
attach-gateway,4,Agentic Orchestration,0.667,16,shared,11,4,1
audioplayer,2,Grounded Prompting,0.568,6,"github-copilot, shared",6,0,0
autobots.ai,1,Ad Hoc,1.0,16,,16,0,0
autogen,4,Agentic Orchestration,0.751,142,github-copilot,73,53,16
autonomous_mower,4,Agentic Orchestration,0.804,50,github-copilot,29,15,6
autorest.typescript,2,Grounded Prompting,0.527,4,github-copilot,4,0,0
avalan,3,Agent-Augmented,0.634,13,"claude-code, shared",7,6,0
awesome-reviewers,4,Agentic Orchestration,0.839,4431,claude-code,4207,194,30
axum-reverse-proxy,1,Ad Hoc,1.0,1,,0,1,0
az-bootstrap,4,Agentic Orchestration,0.66,5,github-copilot,4,0,1
azkar-ios,1,Ad Hoc,1.0,2,,2,0,0
azle,4,Agentic Orchestration,0.806,260,"github-copilot, shared",219,39,2
azure-ai-travel-agents,4,Agentic Orchestration,0.771,29,"github-copilot, shared",9,13,7
azure-container-networking,4,Agentic Orchestration,0.79,45,github-copilot,36,5,4
azure-devops-mcp-server,1,Ad Hoc,1.0,3,,0,2,1
azure-devops-migration-tools,4,Agentic Orchestration,0.849,93,github-copilot,86,5,2
azure-mcp,4,Agentic Orchestration,0.743,68,github-copilot,34,33,1
azure-sdk-tools,4,Agentic Orchestration,0.826,283,github-copilot,194,74,15
azure-storage-azcopy,3,Agent-Augmented,0.66,7,github-copilot,6,1,0
bionic-gpt,4,Agentic Orchestration,0.78,102,shared,60,28,14
bitcoin-tribe,1,Ad Hoc,1.0,3,,3,0,0
boytacean,2,Grounded Prompting,0.72,10,"claude-code, shared",10,0,0
brev-cli,1,Ad Hoc,1.0,10,,4,6,0
browser-cli,1,Ad Hoc,1.0,1,,1,0,0
browser-use,4,Agentic Orchestration,0.689,27,"claude-code, github-copilot, shared",10,12,5
btcrecover,4,Agentic Orchestration,0.752,48,"github-copilot, shared",26,21,1
bun,4,Agentic Orchestration,0.809,86,"claude-code, cursor, github-copilot, shared",61,24,1
bytebot,1,Ad Hoc,1.0,2,,2,0,0
camunda,4,Agentic Orchestration,0.81,114,github-copilot,78,17,19
canopy,4,Agentic Orchestration,0.761,22,"claude-code, shared",13,6,3
capgo,4,Agentic Orchestration,0.803,32,"claude-code, cursor, github-copilot, shared",22,7,3
capture-app,1,Ad Hoc,1.0,10,,4,4,2
cargo-semver-checks,2,Grounded Prompting,0.627,6,shared,6,0,0
cartography,4,Agentic Orchestration,0.761,126,"github-copilot, shared",103,5,18
celestia-app,4,Agentic Orchestration,0.771,98,github-copilot,67,21,10
celestia-core,4,Agentic Orchestration,0.794,480,github-copilot,336,92,52
celestiaorg__docs,1,Ad Hoc,1.0,1,,1,0,0
celldega,1,Ad Hoc,1.0,27,,25,2,0
ceo-bench,4,Agentic Orchestration,0.554,8,"github-copilot, shared",5,2,1
charts,3,Agent-Augmented,0.66,7,github-copilot,4,3,0
chat-gipitty,1,Ad Hoc,1.0,42,,21,20,1
chatlima,4,Agentic Orchestration,0.699,85,"claude-code, cursor",47,33,5
chussy,1,Ad Hoc,1.0,4,,2,1,1
chussy2,1,Ad Hoc,1.0,3,,2,0,1
cinemate,1,Ad Hoc,1.0,35,,19,13,3
circuit-json,1,Ad Hoc,1.0,5,,3,2,0
circuit-to-svg,2,Grounded Prompting,0.58,5,claude-code,5,0,0
circuitron,4,Agentic Orchestration,0.76,35,"github-copilot, shared",17,12,6
clarifai-python,3,Agent-Augmented,0.71,7,github-copilot,5,2,0
cli,3,Agent-Augmented,0.726,12,"github-copilot, shared",11,1,0
codetracer,4,Agentic Orchestration,0.736,118,"github-copilot, openai-codex, shared",74,31,13
codex_bootstrap,4,Agentic Orchestration,0.603,15,shared,12,1,2
comp,4,Agentic Orchestration,0.779,38,"cursor, github-copilot",30,3,5
composio,4,Agentic Orchestration,0.707,74,claude-code,29,42,3
core,4,Agentic Orchestration,0.715,13,claude-code,9,3,1
core-banking-prototype-laravel,4,Agentic Orchestration,0.779,220,"claude-code, github-copilot, shared",100,64,56
cosh,3,Agent-Augmented,0.743,9,claude-code,8,1,0
crewAI-tools,1,Ad Hoc,1.0,78,,53,21,4
crossmint-sdk,1,Ad Hoc,1.0,16,,11,5,0
csv,3,Agent-Augmented,0.44,4,shared,2,2,0
cuckoo,1,Ad Hoc,1.0,1,,1,0,0
curator,1,Ad Hoc,1.0,13,,2,11,0
darkness,1,Ad Hoc,1.0,15,,5,9,1
deepsearch-ui,1,Ad Hoc,1.0,1,,1,0,0
devtools,4,Agentic Orchestration,0.786,85,"github-copilot, shared",56,15,14
dhlottery-api,1,Ad Hoc,1.0,2,,2,0,0
disaster-ninja-be,2,Grounded Prompting,0.615,2,shared,2,0,0
disaster-ninja-fe,4,Agentic Orchestration,0.797,105,"github-copilot, shared",55,24,26
discord-rod,3,Agent-Augmented,0.44,2,shared,1,1,0
doc,4,Agentic Orchestration,0.779,193,claude-code,164,18,11
docs,4,Agentic Orchestration,0.793,13991,github-copilot,10061,3605,325
docusaurus-openapi-docs,3,Agent-Augmented,0.527,4,shared,3,1,0
dotabod__frontend,4,Agentic Orchestration,0.781,24,"claude-code, cursor",15,6,3
dotfiles,1,Ad Hoc,1.0,1,,1,0,0
dotnet__docs,4,Agentic Orchestration,0.793,13991,github-copilot,10061,3605,325
draftnrun,1,Ad Hoc,1.0,7,,2,3,2
dspy,4,Agentic Orchestration,0.798,123,github-copilot,68,49,6
dust,4,Agentic Orchestration,0.807,29,"github-copilot, jetbrains-ai",20,8,1
ebpf-for-windows,4,Agentic Orchestration,0.718,36,github-copilot,16,18,2
edumips64,3,Agent-Augmented,0.58,10,github-copilot,6,4,0
edwin,1,Ad Hoc,1.0,4,,2,2,0
elics,4,Agentic Orchestration,0.715,13,github-copilot,10,2,1
elixir_sense,1,Ad Hoc,1.0,1,,0,1,0
elsa-core,4,Agentic Orchestration,0.759,29,github-copilot,16,4,9
elsa-extensions,1,Ad Hoc,1.0,12,,9,1,2
em,3,Agent-Augmented,0.803,11,github-copilot,10,1,0
enhanced-dash-mcp,4,Agentic Orchestration,0.68,14,shared,6,6,2
eno,1,Ad Hoc,1.0,9,,4,1,4
enrichmcp,3,Agent-Augmented,0.767,33,"github-copilot, shared",13,20,0
ens-app-v3,4,Agentic Orchestration,0.602,16,claude-code,4,10,2
enviodev__docs,1,Ad Hoc,1.0,373,,264,65,44
epicshop,3,Agent-Augmented,0.667,16,shared,8,8,0
ev-node,4,Agentic Orchestration,0.806,94,"claude-code, github-copilot",66,19,9
events-tracker,4,Agentic Orchestration,0.644,11,shared,4,4,3
everblock,1,Ad Hoc,1.0,2,,0,2,0
everpsblog,1,Ad Hoc,1.0,1,,0,1,0
ex_fix,1,Ad Hoc,1.0,3,,0,3,0
extending-move,3,Agent-Augmented,0.72,5,shared,3,2,0
f1_sensor,1,Ad Hoc,1.0,17,,10,3,4
fabric-cicd,3,Agent-Augmented,0.755,20,github-copilot,18,2,0
fastml,1,Ad Hoc,1.0,2,,1,1,0
fastproto,1,Ad Hoc,1.0,17,,14,3,0
fiber,4,Agentic Orchestration,0.762,75,"github-copilot, shared",42,32,1
figma-plugin,4,Agentic Orchestration,0.796,24,"claude-code, github-copilot",16,7,1
finops-toolkit,4,Agentic Orchestration,0.769,194,"claude-code, github-copilot",78,112,4
firebase-orm,1,Ad Hoc,1.0,28,,8,15,5
flynt,2,Grounded Prompting,0.44,3,shared,3,0,0
footprinter,1,Ad Hoc,1.0,1,,1,0,0
foundation,2,Grounded Prompting,0.527,4,"github-copilot, shared",4,0,0
fp-growth,2,Grounded Prompting,0.44,1,shared,1,0,0
fromthepage,3,Agent-Augmented,0.641,8,github-copilot,6,2,0
frontend,4,Agentic Orchestration,0.781,24,"claude-code, cursor",15,6,3
functionalscript,4,Agentic Orchestration,0.804,82,shared,71,10,1
fvm,3,Agent-Augmented,0.841,22,github-copilot,19,3,0
galah,1,Ad Hoc,1.0,4,,2,2,0
gameserver,1,Ad Hoc,1.0,1,,0,1,0
gemini-tts-cli,3,Agent-Augmented,0.767,15,"claude-code, gemini-cli, github-copilot",12,3,0
genomics_adventure,1,Ad Hoc,1.0,38,,26,12,0
gensx,4,Agentic Orchestration,0.736,49,"claude-code, cursor, github-copilot",31,10,8
geph5,1,Ad Hoc,1.0,7,,6,1,0
giro,1,Ad Hoc,1.0,1,,1,0,0
giselle,4,Agentic Orchestration,0.799,54,"claude-code, cursor, github-copilot, shared",39,14,1
glaredb,4,Agentic Orchestration,0.8,84,github-copilot,68,13,3
glimpser,4,Agentic Orchestration,0.81,57,shared,22,20,15
glues,2,Grounded Prompting,0.733,21,shared,21,0,0
gluesql,4,Agentic Orchestration,0.813,197,shared,179,11,7
go-openai,3,Agent-Augmented,0.58,5,github-copilot,3,2,0
go-utcp,1,Ad Hoc,1.0,6,,4,2,0
goat,3,Agent-Augmented,0.728,94,github-copilot,28,66,0
gobatch,2,Grounded Prompting,0.527,4,"claude-code, shared",4,0,0
gofiber__cli,3,Agent-Augmented,0.726,12,"github-copilot, shared",11,1,0
google-sheets-project,2,Grounded Prompting,0.557,3,github-copilot,3,0,0
google-sheets-tabs-on-top,1,Ad Hoc,1.0,1,,1,0,0
gosn-v2,1,Ad Hoc,1.0,3,,2,1,0
granola-ts-client,2,Grounded Prompting,0.597,8,"claude-code, github-copilot, shared",8,0,0
graphai,1,Ad Hoc,1.0,166,,107,35,24
graphic-walker,1,Ad Hoc,1.0,4,,3,1,0
graphserver,1,Ad Hoc,1.0,2,,2,0,0
gregory-ai,4,Agentic Orchestration,0.76,35,"claude-code, github-copilot",17,11,7
grida,4,Agentic Orchestration,0.803,351,"github-copilot, shared",291,54,6
herbie,2,Grounded Prompting,0.702,4,shared,4,0,0
hlda,1,Ad Hoc,1.0,1,,1,0,0
home-lab-as-code,2,Grounded Prompting,0.685,6,shared,6,0,0
home_assistant_delonghi_primadonna,1,Ad Hoc,1.0,2,,2,0,0
hyperlight,3,Agent-Augmented,0.788,33,github-copilot,30,3,0
iceshelf,1,Ad Hoc,1.0,13,,12,1,0
ifc-flow,1,Ad Hoc,1.0,6,,4,1,1
inference,4,Agentic Orchestration,0.759,167,shared,90,60,17
insta,3,Agent-Augmented,0.685,6,github-copilot,2,4,0
instructor,4,Agentic Orchestration,0.724,283,"claude-code, cursor, github-copilot",67,212,4
iris-client,3,Agent-Augmented,0.755,10,claude-code,8,2,0
iwrqk,1,Ad Hoc,1.0,4,,4,0,0
jBow,1,Ad Hoc,1.0,1,,0,1,0
jacquez,1,Ad Hoc,1.0,1,,1,0,0
java-util,3,Agent-Augmented,0.607,13,"github-copilot, shared",7,6,0
jetplot,4,Agentic Orchestration,0.601,13,shared,12,0,1
jlcsearch,1,Ad Hoc,1.0,91,,29,62,0
jonaraphael__csv,3,Agent-Augmented,0.44,4,shared,2,2,0
js,3,Agent-Augmented,0.777,22,"claude-code, cursor, github-copilot, shared",15,7,0
json-diff-ts,1,Ad Hoc,1.0,1,,1,0,0
jsonriver,1,Ad Hoc,1.0,1,,1,0,0
julep,4,Agentic Orchestration,0.748,86,"claude-code, github-copilot, shared",37,26,23
keep,3,Agent-Augmented,0.834,38,"cursor, github-copilot",30,8,0
klongpy,4,Agentic Orchestration,0.755,20,shared,7,11,2
klooie,1,Ad Hoc,1.0,27,,19,5,3
labs,4,Agentic Orchestration,0.77,96,"claude-code, shared",25,66,5
lana-bank,4,Agentic Orchestration,0.764,49,"claude-code, cursor",26,14,9
langfuse,4,Agentic Orchestration,0.765,79,"claude-code, cursor, github-copilot, shared",34,42,3
laser_slicer,4,Agentic Orchestration,0.59,5,shared,4,0,1
lazyrecon_docker,1,Ad Hoc,1.0,1,,1,0,0
liam,4,Agentic Orchestration,0.779,98,"claude-code, github-copilot, shared",28,64,6
lingo.dev,1,Ad Hoc,1.0,12,,10,2,0
lisa,4,Agentic Orchestration,0.52,5,github-copilot,4,0,1
litellm,4,Agentic Orchestration,0.755,667,"claude-code, gemini-cli, github-copilot, shared",395,262,10
liveblocks,4,Agentic Orchestration,0.837,101,"claude-code, github-copilot",81,17,3
loculus,4,Agentic Orchestration,0.781,88,"claude-code, gemini-cli, github-copilot, shared",69,14,5
lofn,3,Agent-Augmented,0.44,2,shared,1,1,0
lotgd,3,Agent-Augmented,0.73,22,"github-copilot, shared",15,7,0
macro_peg,2,Grounded Prompting,0.44,3,shared,3,0,0
magento2-playwright,3,Agent-Augmented,0.44,2,shared,1,1,0
magisk-samsung-dex-standalone-mode,1,Ad Hoc,1.0,3,,3,0,0
maia-platform-frontend,3,Agent-Augmented,0.568,6,claude-code,3,3,0
marimo,4,Agentic Orchestration,0.788,271,"cursor, github-copilot",193,68,10
marin,4,Agentic Orchestration,0.735,238,"github-copilot, shared",83,112,43
mastra,4,Agentic Orchestration,0.825,814,"claude-code, cursor, github-copilot, windsurf",560,154,100
maui,4,Agentic Orchestration,0.732,102,github-copilot,60,37,5
mc-bench-frontend,1,Ad Hoc,1.0,3,,1,2,0
mcp,4,Agentic Orchestration,0.783,310,github-copilot,185,122,3
mcp-server,3,Agent-Augmented,0.65,10,"cursor, github-copilot",6,4,0
memoChron,1,Ad Hoc,1.0,2,,0,1,1
messagehub,1,Ad Hoc,1.0,14,,7,2,5
meta-agent,4,Agentic Orchestration,0.75,21,"amp, shared",12,6,3
miria,2,Grounded Prompting,0.755,10,"claude-code, github-copilot, shared",10,0,0
mistral.rs,3,Agent-Augmented,0.799,82,"claude-code, github-copilot, shared",53,29,0
ml,3,Agent-Augmented,0.794,51,"github-copilot, shared",46,5,0
ml-in-production-practice,4,Agentic Orchestration,0.717,21,shared,12,6,3
mobx-quick-tree,1,Ad Hoc,1.0,2,,1,1,0
mochi,1,Ad Hoc,1.0,2173,,1224,755,194
moneyman,2,Grounded Prompting,0.615,4,github-copilot,4,0,0
msbuild,4,Agentic Orchestration,0.795,116,github-copilot,72,20,24
music,1,Ad Hoc,1.0,2,,2,0,0
mynaui-icons,2,Grounded Prompting,0.44,3,github-copilot,3,0,0
myplanet,2,Grounded Prompting,0.44,3,claude-code,3,0,0
n8n-mcp-server,4,Agentic Orchestration,0.665,23,"claude-code, shared",6,13,4
n8n_oci,1,Ad Hoc,1.0,2,,2,0,0
nango,3,Agent-Augmented,0.615,4,github-copilot,2,2,0
nearcore,4,Agentic Orchestration,0.79,208,github-copilot,128,40,40
neon,4,Agentic Orchestration,0.763,130,github-copilot,77,14,39
nethermind,4,Agentic Orchestration,0.613,15,"claude-code, github-copilot",14,0,1
nitransforms,1,Ad Hoc,1.0,2,,2,0,0
nixos-config,2,Grounded Prompting,0.44,2,shared,2,0,0
no-ocr,2,Grounded Prompting,0.527,4,"github-copilot, shared",4,0,0
nomos,4,Agentic Orchestration,0.755,20,"github-copilot, shared",15,3,2
note-python,3,Agent-Augmented,0.58,5,github-copilot,3,2,0
notion-toolset,1,Ad Hoc,1.0,3,,1,2,0
novu,4,Agentic Orchestration,0.787,28,"claude-code, cursor, github-copilot",23,4,1
nuclear-14,3,Agent-Augmented,0.66,7,github-copilot,5,2,0
numbagg,4,Agentic Orchestration,0.44,3,claude-code,1,1,1
obsidian-widget-board-plugin,1,Ad Hoc,1.0,29,,12,16,1
ommx,4,Agentic Orchestration,0.654,19,"claude-code, gemini-cli",13,5,1
onit,1,Ad Hoc,1.0,2,,1,0,1
onlook,3,Agent-Augmented,0.697,15,"claude-code, github-copilot, shared",14,1,0
onnx,4,Agentic Orchestration,0.772,86,github-copilot,55,29,2
onnxscript,3,Agent-Augmented,0.781,40,github-copilot,32,8,0
openai-agents-python,4,Agentic Orchestration,0.755,241,"claude-code, github-copilot, shared",94,81,66
opendbc,3,Agent-Augmented,0.568,6,github-copilot,4,2,0
openfga__cli,1,Ad Hoc,1.0,2,,1,1,0
openops,3,Agent-Augmented,0.588,9,"cursor, github-copilot, jetbrains-ai",6,3,0
openvmm,4,Agentic Orchestration,0.779,87,github-copilot,72,13,2
openvpn-auth-oauth2,3,Agent-Augmented,0.775,28,"claude-code, github-copilot, shared",23,5,0
orbital-ctf,2,Grounded Prompting,0.673,3,cursor,3,0,0
orbitar,3,Agent-Augmented,0.627,9,shared,7,2,0
org-roam-ui-lite,1,Ad Hoc,1.0,1,,1,0,0
pCobra,4,Agentic Orchestration,0.757,75,github-copilot,39,30,6
pageql,3,Agent-Augmented,0.58,5,"cursor, shared",3,2,0
panda,1,Ad Hoc,1.0,6,,4,1,1
parse-dashboard,3,Agent-Augmented,0.61,7,github-copilot,5,2,0
parsentry,3,Agent-Augmented,0.734,104,"claude-code, github-copilot",102,2,0
perfview,4,Agentic Orchestration,0.601,17,github-copilot,7,7,3
pgqueuer,4,Agentic Orchestration,0.638,18,"github-copilot, shared",7,10,1
phel-lang,4,Agentic Orchestration,0.762,28,"github-copilot, shared",26,1,1
pilorama,1,Ad Hoc,1.0,1,,1,0,0
pixaris,3,Agent-Augmented,0.44,3,shared,1,2,0
plain,4,Agentic Orchestration,0.766,136,"claude-code, shared",82,43,11
plexytrack,1,Ad Hoc,1.0,1,,0,1,0
podsumer,2,Grounded Prompting,0.557,3,shared,3,0,0
policy,1,Ad Hoc,1.0,31,,1,27,3
policy-synth,4,Agentic Orchestration,0.756,245,shared,130,75,40
polkadot-staking-dashboard,1,Ad Hoc,1.0,4,,2,1,1
pollenprognos-card,2,Grounded Prompting,0.66,7,shared,7,0,0
poml,4,Agentic Orchestration,0.716,37,"claude-code, shared",23,11,3
porter,4,Agentic Orchestration,0.709,19,github-copilot,14,3,2
portfolio,1,Ad Hoc,1.0,8,,7,1,0
prayCalendar,1,Ad Hoc,1.0,2,,0,2,0
promptfoo,4,Agentic Orchestration,0.763,652,"claude-code, cursor, github-copilot, shared",336,287,29
prosper202,4,Agentic Orchestration,0.771,52,shared,6,37,9
pwb-alphaevolve,1,Ad Hoc,1.0,1,,0,0,1
pydantic-client,1,Ad Hoc,1.0,1,,0,1,0
pygent,1,Ad Hoc,1.0,15,,5,9,1
pyth-crosschain,4,Agentic Orchestration,0.876,68,github-copilot,59,3,6
python-docs-zh-tw,1,Ad Hoc,1.0,2,,1,1,0
python-hl7,2,Grounded Prompting,0.44,2,shared,2,0,0
pythonPltReader,1,Ad Hoc,1.0,1,,1,0,0
pyvar,1,Ad Hoc,1.0,1,,1,0,0
quiver,2,Grounded Prompting,0.65,5,github-copilot,5,0,0
rainbowkit,4,Agentic Orchestration,0.729,89,"claude-code, github-copilot, shared",71,14,4
ranger_devicons,2,Grounded Prompting,0.557,3,github-copilot,3,0,0
raptorq,1,Ad Hoc,1.0,2,,1,1,0
rbac,1,Ad Hoc,1.0,10,,9,0,1
react,4,Agentic Orchestration,0.762,50,github-copilot,35,12,3
reflex-web,1,Ad Hoc,1.0,357,,90,250,17
registry-web,4,Agentic Orchestration,0.689,16,claude-code,12,2,2
remnawave-tg-shop,1,Ad Hoc,1.0,1,,1,0,0
reown-docs,3,Agent-Augmented,0.527,4,github-copilot,2,2,0
reproducibleRchunks,1,Ad Hoc,1.0,3,,3,0,0
resyntax,4,Agentic Orchestration,0.467,4,github-copilot,3,0,1
reward-kit,4,Agentic Orchestration,0.748,61,github-copilot,16,28,17
risingwave,4,Agentic Orchestration,0.803,117,"claude-code, cursor, github-copilot",101,14,2
rootjs,3,Agent-Augmented,0.667,12,"github-copilot, shared",11,1,0
rosettanet,3,Agent-Augmented,0.44,4,claude-code,3,1,0
rqlite,4,Agentic Orchestration,0.715,13,github-copilot,10,1,2
rrule-temporal,1,Ad Hoc,1.0,7,,5,1,1
rs-opw-kinematics,1,Ad Hoc,1.0,1,,0,0,1
rsyslog,4,Agentic Orchestration,0.801,74,"github-copilot, shared",49,20,5
rtl_433_discoverandsubmit,1,Ad Hoc,1.0,1,,1,0,0
rust-fp,1,Ad Hoc,1.0,3,,2,1,0
ryos,2,Grounded Prompting,0.615,4,cursor,4,0,0
saga,4,Agentic Orchestration,0.599,18,claude-code,6,5,7
sailor,2,Grounded Prompting,0.44,2,shared,2,0,0
scripts,1,Ad Hoc,1.0,1,,1,0,0
scubaduck,2,Grounded Prompting,0.615,2,shared,2,0,0
seccomp-diff,1,Ad Hoc,1.0,449,,318,104,27
seedsigner,3,Agent-Augmented,0.74,31,github-copilot,21,10,0
sentry,4,Agentic Orchestration,0.769,47,"claude-code, cursor, github-copilot, shared",26,11,10
sentry-mcp,4,Agentic Orchestration,0.756,43,"claude-code, cursor, shared",14,27,2
serde-yaml-bw,2,Grounded Prompting,0.615,2,shared,2,0,0
serviceradar,4,Agentic Orchestration,0.799,228,"github-copilot, shared",154,43,31
shotbuddy,3,Agent-Augmented,0.527,4,shared,3,1,0
simple-3d-svg,2,Grounded Prompting,0.557,3,claude-code,3,0,0
simplechat,4,Agentic Orchestration,0.776,136,github-copilot,78,36,22
skip-go,3,Agent-Augmented,0.704,9,shared,8,1,0
skyvern,4,Agentic Orchestration,0.755,30,"claude-code, shared",14,13,3
slack-channels-grouping,1,Ad Hoc,1.0,46,,39,3,4
smart-recipe-generator,3,Agent-Augmented,0.71,7,shared,5,2,0
soba,1,Ad Hoc,1.0,3,,3,0,0
specmatic,3,Agent-Augmented,0.56,7,github-copilot,6,1,0
spectest,1,Ad Hoc,1.0,1,,0,1,0
spyder_okvim,1,Ad Hoc,1.0,3,,1,2,0
sqlmap-command-builder,1,Ad Hoc,1.0,1,,1,0,0
sqlrooms,4,Agentic Orchestration,0.807,60,shared,45,8,7
statsig-io__docs,2,Grounded Prompting,0.44,1,github-copilot,1,0,0
steam-microtransaction-api,1,Ad Hoc,1.0,3,,1,2,0
stevehansen__csv,2,Grounded Prompting,0.56,7,"claude-code, shared",7,0,0
strix-halo-testing,1,Ad Hoc,1.0,31,,8,17,6
sub-tools,2,Grounded Prompting,0.557,3,"claude-code, shared",3,0,0
swarmauri-sdk,4,Agentic Orchestration,0.718,450,"github-copilot, shared",354,72,24
tabstronaut,1,Ad Hoc,1.0,1,,0,1,0
taxonium,4,Agentic Orchestration,0.726,17,shared,16,0,1
terminator,4,Agentic Orchestration,0.794,34,"claude-code, cursor, github-copilot",13,17,4
terraform-aws-ecr,4,Agentic Orchestration,0.754,37,"claude-code, github-copilot",32,3,2
test-driven-spring-boot,2,Grounded Prompting,0.44,2,shared,2,0,0
test-infra,4,Agentic Orchestration,0.838,52,github-copilot,45,2,5
testfx,4,Agentic Orchestration,0.771,55,github-copilot,32,22,1
thinkthread,1,Ad Hoc,1.0,4,,0,4,0
timburgan,1,Ad Hoc,1.0,1,,0,1,0
tinygrad,3,Agent-Augmented,0.736,53,shared,18,35,0
tools,1,Ad Hoc,1.0,160,,96,44,20
total-typescript-monorepo,4,Agentic Orchestration,0.803,641,"claude-code, cursor",547,72,22
towns,4,Agentic Orchestration,0.77,32,"claude-code, github-copilot, shared",19,9,4
training-center-microservices,1,Ad Hoc,1.0,22,,13,7,2
transformers,4,Agentic Orchestration,0.38,3,shared,2,0,1
transqlate,2,Grounded Prompting,0.557,3,shared,3,0,0
tsce_demo,1,Ad Hoc,1.0,13,,12,1,0
tscircuit.com,2,Grounded Prompting,0.58,5,claude-code,5,0,0
tuber,2,Grounded Prompting,0.597,8,"claude-code, github-copilot",8,0,0
typewriter.nvim,3,Agent-Augmented,0.557,3,shared,2,1,0
vagasExplorer,1,Ad Hoc,1.0,1,,1,0,0
vald,4,Agentic Orchestration,0.757,108,github-copilot,74,28,6
vcpkg,3,Agent-Augmented,0.677,18,github-copilot,12,6,0
vellum-python-sdks,1,Ad Hoc,1.0,19,,9,8,2
vibe-check-mcp-server,4,Agentic Orchestration,0.702,20,shared,7,7,6
vibekit,3,Agent-Augmented,0.56,7,github-copilot,6,1,0
vimms,1,Ad Hoc,1.0,39,,28,9,2
vivainsights,4,Agentic Orchestration,0.71,41,github-copilot,10,6,25
vlmrun-hub,1,Ad Hoc,1.0,16,,6,10,0
vlmrun-node-sdk,3,Agent-Augmented,0.44,4,claude-code,2,2,0
vlmrun-python-sdk,1,Ad Hoc,1.0,2,,2,0,0
vscode,4,Agentic Orchestration,0.78,113,github-copilot,83,18,12
vscode-demo-time,4,Agentic Orchestration,0.798,151,github-copilot,108,40,3
vscode-pull-request-github,3,Agent-Augmented,0.627,9,github-copilot,6,3,0
vscode-python-environments,4,Agentic Orchestration,0.683,17,github-copilot,10,4,3
vstest,4,Agentic Orchestration,0.804,66,github-copilot,48,15,3
waldzell-mcp,1,Ad Hoc,1.0,16,,8,7,1
wavesurfer.js,3,Agent-Augmented,0.66,7,"github-copilot, shared",6,1,0
weblorean,1,Ad Hoc,1.0,1,,1,0,0
whoisdigger,4,Agentic Orchestration,0.588,9,shared,6,2,1
wine_variety_classification,1,Ad Hoc,1.0,2,,0,2,0
wolfssl,3,Agent-Augmented,0.869,142,github-copilot,109,33,0
xmysql-server,1,Ad Hoc,1.0,203,,95,100,8
ydb-embedded-ui,2,Grounded Prompting,0.685,8,"claude-code, github-copilot, shared",8,0,0
yiiframework.com,3,Agent-Augmented,0.81,7,github-copilot,6,1,0
your-priorities-app,4,Agentic Orchestration,0.786,1159,"github-copilot, shared",779,249,131
yt-dlp-translate,1,Ad Hoc,1.0,1,,1,0,0
z3,4,Agentic Orchestration,0.717,26,github-copilot,15,8,3
zod,3,Agent-Augmented,0.58,5,"claude-code, cursor, shared",4,1,0
